number,age,sex,health,state,district
0,1,m,0,0,0
1,4,m,2,0,0
2,9,f,1,0,9
3,3,m,0,0,1
4,4,f,1,0,2
5,3,m,0,0,5
6,4,m,1,0,0
7,3,f,0,0,10
8,8,f,0,0,0
9,3,m,0,0,10
10,2,m,2,0,0
11,5,f,0,0,3
12,1,m,1,0,5
13,1,f,0,0,7
14,7,f,0,0,8
15,6,f,3,0,5
16,1,f,0,0,1
17,3,f,0,0,4
18,6,m,0,0,3
19,3,f,2,0,4
20,6,f,0,0,8
21,2,m,0,0,1
22,4,m,0,0,0
23,8,f,0,0,0
24,2,f,0,0,5
25,3,m,1,0,8
26,1,f,1,0,2
27,2,f,0,0,6
28,4,f,0,0,2
29,4,m,1,0,10
30,5,f,2,0,7
31,1,f,0,0,2
32,7,f,2,0,6
33,6,m,1,0,5
34,4,f,1,0,7
35,2,m,0,0,5
36,5,m,3,0,6
37,9,m,4,0,0
38,4,f,0,0,0
39,3,f,0,0,10
40,1,f,0,0,1
41,4,f,0,0,3
42,4,f,1,0,6
43,9,m,1,0,2
44,3,m,1,0,0
45,2,m,0,0,0
46,3,f,0,0,2
47,4,m,2,0,0
48,4,m,2,0,9
49,2,m,0,0,1
50,9,f,4,0,5
51,3,f,1,0,5
52,3,f,0,0,8
53,4,f,0,0,4
54,2,m,1,0,0
55,2,f,1,0,5
56,4,m,0,0,5
57,1,m,1,0,3
58,4,m,1,0,3
59,4,f,2,0,8
60,4,m,1,0,9
61,1,f,1,0,2
62,4,m,2,0,0
63,4,f,4,0,2
64,5,m,1,0,0
65,3,m,2,0,9
66,1,m,1,0,9
67,5,m,0,0,0
68,2,m,1,0,10
69,8,f,1,0,2
70,4,f,0,0,7
71,2,f,1,0,3
72,6,m,1,0,9
73,5,f,0,0,0
74,0,f,2,0,6
75,4,f,3,0,5
76,2,m,1,0,3
77,4,m,1,0,0
78,4,f,0,0,4
79,4,m,2,0,5
80,9,m,1,0,0
81,3,f,0,0,6
82,6,m,1,0,8
83,1,f,3,0,4
84,0,m,2,0,6
85,6,f,1,0,6
86,3,f,2,0,8
87,9,f,2,0,4
88,1,f,0,0,7
89,6,f,0,0,3
90,7,f,0,0,8
91,4,f,1,0,7
92,3,f,3,0,7
93,0,m,2,0,2
94,6,m,0,0,0
95,7,f,1,2,8
96,9,m,0,0,2
97,1,m,0,0,8
98,2,m,0,0,5
99,2,f,0,0,0
100,6,f,1,0,5
101,3,m,2,0,10
102,4,m,0,0,7
103,7,f,1,0,5
104,6,f,1,0,5
105,0,f,1,0,9
106,7,f,0,0,2
107,3,m,3,0,0
108,6,f,0,0,3
109,6,f,0,0,9
110,2,f,0,0,0
111,9,f,0,0,2
112,1,f,0,0,1
113,3,f,0,0,4
114,1,m,1,0,8
115,3,m,0,0,10
116,0,f,0,0,8
117,4,f,3,0,1
118,3,f,0,0,0
119,2,m,0,0,2
120,3,f,2,0,6
121,4,f,0,0,3
122,5,m,0,0,1
123,6,f,0,0,4
124,3,f,0,0,0
125,3,f,1,0,7
126,3,m,0,0,9
127,6,f,1,0,8
128,3,f,0,0,2
129,0,m,0,0,2
130,2,f,0,0,0
131,6,f,0,0,0
132,6,m,2,0,9
133,3,m,0,0,0
134,2,m,1,0,4
135,0,m,2,0,9
136,4,m,0,0,8
137,1,m,2,0,9
138,6,f,1,0,9
139,1,f,1,0,1
140,0,f,1,0,2
141,0,f,0,0,3
142,3,f,2,0,4
143,1,m,0,0,1
144,4,m,0,0,8
145,1,f,2,0,3
146,1,f,2,0,6
147,6,f,0,0,8
148,4,m,0,0,0
149,4,m,0,0,4
150,7,m,0,0,7
151,4,m,2,0,0
152,0,f,2,0,9
153,6,m,1,0,5
154,5,m,0,0,5
155,5,f,0,0,0
156,8,f,1,0,10
157,9,f,1,0,1
158,9,m,0,0,0
159,6,m,2,0,5
160,9,m,3,0,7
161,2,f,0,0,2
162,0,f,1,0,6
163,5,f,0,0,2
164,6,m,0,0,4
165,3,m,0,0,7
166,3,f,0,0,4
167,4,m,0,0,9
168,0,m,2,0,0
169,4,f,1,0,9
170,5,f,1,0,4
171,2,m,1,0,0
172,7,f,2,0,3
173,5,m,0,0,0
174,4,f,0,0,3
175,4,f,0,0,9
176,1,f,0,0,4
177,3,m,1,0,9
178,7,f,0,0,2
179,4,f,1,0,4
180,6,m,0,0,8
181,7,m,1,0,6
182,2,m,1,0,0
183,6,m,0,0,1
184,4,f,0,0,0
185,4,f,2,0,7
186,0,m,0,0,1
187,4,m,0,0,4
188,4,m,0,0,4
189,1,m,0,0,8
190,1,m,1,0,2
191,9,m,0,0,5
192,3,m,0,0,8
193,6,f,0,0,5
194,0,f,2,0,7
195,4,m,0,0,0
196,5,m,0,0,3
197,4,f,0,0,4
198,1,f,0,0,0
199,9,m,0,0,2
200,3,f,0,0,2
201,6,f,0,0,10
202,4,m,0,0,0
203,0,f,2,0,8
204,8,m,1,0,5
205,4,m,0,0,8
206,1,f,0,0,8
207,3,m,0,0,2
208,4,f,0,0,9
209,4,m,2,0,1
210,7,m,0,0,6
211,8,m,1,0,8
212,3,f,1,0,0
213,6,m,0,0,2
214,5,m,0,0,8
215,4,m,0,0,2
216,4,m,0,0,5
217,3,m,1,0,2
218,7,f,1,0,7
219,6,m,2,0,1
220,3,m,1,0,0
221,3,f,0,0,6
222,2,f,0,0,5
223,5,m,2,0,7
224,8,f,3,0,7
225,9,f,1,0,3
226,0,f,2,0,6
227,3,f,1,0,1
228,0,m,1,0,7
229,8,f,1,0,0
230,3,m,2,0,10
231,7,m,0,0,0
232,3,f,0,0,9
233,6,m,0,0,5
234,4,m,0,0,10
235,3,f,1,0,6
236,4,f,0,0,3
237,2,f,2,0,3
238,4,m,2,0,0
239,1,f,3,0,5
240,3,m,0,0,4
241,7,f,0,0,1
242,3,f,0,0,2
243,3,f,2,0,8
244,4,f,2,0,1
245,4,m,4,0,8
246,7,m,1,0,5
247,6,m,2,0,2
248,0,m,0,0,0
249,4,m,0,0,2
250,2,f,1,0,8
251,3,f,0,0,0
252,3,f,0,0,7
253,2,m,0,0,7
254,2,m,1,0,0
255,4,m,1,0,6
256,7,f,0,0,3
257,0,m,2,0,8
258,8,m,0,0,3
259,3,f,0,0,2
260,0,f,2,0,10
261,6,f,3,0,6
262,3,f,1,0,1
263,3,f,1,0,0
264,3,m,1,0,1
265,1,f,2,0,4
266,3,m,0,0,9
267,1,m,2,0,4
268,1,m,0,0,6
269,4,f,0,0,3
270,5,f,1,0,8
271,4,f,1,0,2
272,3,f,0,0,6
273,1,f,0,0,7
274,1,m,0,0,3
275,3,m,1,0,9
276,4,f,1,0,10
277,3,m,1,0,1
278,7,m,0,0,6
279,0,m,1,0,8
280,0,f,0,0,0
281,5,m,0,0,0
282,3,f,3,0,0
283,7,m,2,0,4
284,1,m,0,0,5
285,1,m,0,0,6
286,7,m,0,0,7
287,4,f,1,0,2
288,2,f,1,0,4
289,6,m,1,0,0
290,4,m,0,0,4
291,8,f,0,0,0
292,4,f,1,0,2
293,3,m,0,0,1
294,3,m,1,0,9
295,1,m,0,0,7
296,6,m,0,0,5
297,2,f,2,0,8
298,4,f,0,0,0
299,2,f,1,0,3
300,4,m,0,0,9
301,8,m,1,0,0
302,2,m,1,0,0
303,3,f,0,0,9
304,3,f,1,2,4
305,5,f,1,0,0
306,3,f,1,0,2
307,6,f,0,0,5
308,3,m,2,0,8
309,4,f,1,0,6
310,9,f,1,0,4
311,4,f,0,0,2
312,6,m,0,0,3
313,7,f,0,0,1
314,0,f,0,0,4
315,3,f,0,0,0
316,0,m,3,0,5
317,1,m,3,0,9
318,4,f,0,0,0
319,7,m,0,0,8
320,4,m,3,0,10
321,6,m,0,0,2
322,6,m,1,0,6
323,2,f,0,0,0
324,3,f,1,0,7
325,4,m,0,0,0
326,4,f,0,0,1
327,1,f,2,0,10
328,2,f,1,0,0
329,0,m,1,0,1
330,4,f,1,0,1
331,4,m,3,0,9
332,6,m,0,2,6
333,3,f,2,0,1
334,3,m,0,0,10
335,3,f,0,0,10
336,8,f,2,0,9
337,2,f,3,0,10
338,6,f,0,0,2
339,2,f,1,0,5
340,1,m,1,2,6
341,6,m,1,0,6
342,3,m,2,0,0
343,5,f,1,0,5
344,2,m,0,0,8
345,6,m,1,0,5
346,2,m,0,0,2
347,4,f,0,0,3
348,6,f,1,0,6
349,4,m,0,0,4
350,1,f,1,0,0
351,3,f,0,0,5
352,2,f,1,0,8
353,3,f,1,0,0
354,6,f,1,0,8
355,3,m,0,0,6
356,6,m,1,0,6
357,5,m,1,0,0
358,4,f,0,0,4
359,3,f,0,0,10
360,5,f,1,2,0
361,4,m,0,0,9
362,6,f,0,0,9
363,2,f,0,0,10
364,2,f,1,0,0
365,6,f,1,0,8
366,2,m,2,0,0
367,3,f,1,0,7
368,5,f,2,0,0
369,4,f,2,0,7
370,3,f,1,0,5
371,8,m,0,0,6
372,9,m,1,0,5
373,6,f,3,0,1
374,7,m,0,0,0
375,4,f,1,0,3
376,5,f,0,0,6
377,6,f,0,0,10
378,3,f,1,0,7
379,7,f,0,0,4
380,9,m,0,0,0
381,4,f,1,0,2
382,2,f,2,0,0
383,2,m,0,0,0
384,5,f,1,0,4
385,0,m,0,0,8
386,3,m,0,0,8
387,5,m,1,0,10
388,6,f,1,0,1
389,4,f,0,0,2
390,7,m,1,0,1
391,4,m,0,0,0
392,6,m,1,0,7
393,4,m,0,0,6
394,0,f,0,0,9
395,6,m,1,0,1
396,1,m,4,0,0
397,7,m,1,0,0
398,6,m,2,0,3
399,1,f,2,0,4
400,4,m,0,0,7
401,2,m,0,0,4
402,1,m,1,0,0
403,6,m,2,0,10
404,2,m,1,0,5
405,4,m,2,0,1
406,4,f,0,0,4
407,5,f,0,0,0
408,2,m,0,0,7
409,4,f,0,0,4
410,1,f,1,0,3
411,0,m,2,0,0
412,5,m,1,0,1
413,7,f,0,0,10
414,1,f,0,0,2
415,6,m,2,0,4
416,9,m,3,0,0
417,1,m,1,0,1
418,3,f,1,0,1
419,2,f,1,0,3
420,7,f,0,0,0
421,1,m,0,0,10
422,4,f,1,0,2
423,0,m,0,0,0
424,4,m,1,0,6
425,7,f,1,0,2
426,2,f,1,0,3
427,4,m,0,0,4
428,4,m,0,0,2
429,6,m,1,0,6
430,3,m,3,0,0
431,5,m,2,0,9
432,3,m,1,0,1
433,1,f,0,0,1
434,7,f,3,0,1
435,6,f,3,0,5
436,4,f,1,0,9
437,5,m,2,0,9
438,3,f,1,0,5
439,4,f,2,0,7
440,1,f,0,0,4
441,4,f,0,0,0
442,4,m,1,0,5
443,3,f,0,0,9
444,6,f,1,0,1
445,0,f,1,0,6
446,3,f,0,0,0
447,6,m,0,0,4
448,3,m,0,0,7
449,1,f,3,0,10
450,7,m,2,0,1
451,0,f,0,0,10
452,6,m,2,0,6
453,0,m,1,0,1
454,6,m,0,0,7
455,6,m,2,0,2
456,0,m,0,0,7
457,5,m,1,0,2
458,2,f,1,0,0
459,4,m,1,0,1
460,0,f,0,0,3
461,0,m,0,0,3
462,3,f,1,0,4
463,3,f,2,0,1
464,3,f,0,0,0
465,2,m,0,0,1
466,6,f,0,0,8
467,7,f,2,0,7
468,3,f,1,0,3
469,3,f,0,0,8
470,3,m,0,0,0
471,3,f,2,0,8
472,4,m,1,0,5
473,8,f,2,0,2
474,3,f,0,0,1
475,4,m,0,0,1
476,7,m,1,0,8
477,4,m,1,0,7
478,3,f,1,0,7
479,1,m,2,0,0
480,7,m,0,0,9
481,6,f,2,0,1
482,6,f,1,0,1
483,2,f,1,0,6
484,0,f,0,2,8
485,4,m,0,0,7
486,3,f,0,0,0
487,4,f,1,0,3
488,3,m,0,0,1
489,4,m,1,0,2
490,0,m,0,0,5
491,8,f,0,0,7
492,7,m,3,0,2
493,5,f,2,0,9
494,3,m,2,0,7
495,1,f,0,0,4
496,6,f,0,0,9
497,5,f,3,0,0
498,3,m,0,0,0
499,6,f,0,0,7
500,3,m,0,0,1
501,2,f,0,0,3
502,3,f,0,0,9
503,4,m,1,0,2
504,6,f,3,0,8
505,1,m,0,0,2
506,4,m,2,0,5
507,8,f,0,0,0
508,4,m,1,0,6
509,3,m,0,0,6
510,2,m,2,0,0
511,3,f,0,0,1
512,3,f,1,0,1
513,1,f,0,0,0
514,7,m,0,0,5
515,3,f,0,0,1
516,3,m,0,0,1
517,7,m,0,0,8
518,3,m,0,0,0
519,3,f,1,0,7
520,6,f,1,0,8
521,6,m,1,0,3
522,6,f,0,0,10
523,3,m,0,0,0
524,3,f,1,0,0
525,3,m,0,0,10
526,2,m,1,0,10
527,4,m,0,0,3
528,6,m,2,0,3
529,4,f,0,0,9
530,5,f,0,0,1
531,4,f,0,0,2
532,4,m,1,0,8
533,2,m,0,0,3
534,5,m,1,0,0
535,2,f,2,0,1
536,6,f,0,0,1
537,5,m,0,0,1
538,5,m,0,0,3
539,3,f,0,0,1
540,4,f,1,0,7
541,7,f,0,0,2
542,2,m,1,0,7
543,3,f,0,0,3
544,7,m,1,0,2
545,4,f,0,2,1
546,2,f,0,0,1
547,4,m,0,0,7
548,4,m,2,0,0
549,1,m,0,0,7
550,1,f,0,0,8
551,4,m,0,0,2
552,2,f,0,0,10
553,3,m,0,0,7
554,5,f,1,0,2
555,4,f,1,0,0
556,3,m,1,0,0
557,3,f,0,0,1
558,6,m,1,0,6
559,1,m,0,0,0
560,3,m,1,0,8
561,1,f,2,0,5
562,4,m,3,0,7
563,3,f,2,0,9
564,2,m,0,0,8
565,3,m,1,0,3
566,5,m,1,0,3
567,2,m,0,0,3
568,4,m,2,0,8
569,2,m,0,0,5
570,4,m,1,0,0
571,3,f,0,0,8
572,6,f,0,0,7
573,7,m,2,0,0
574,4,f,1,0,4
575,3,m,0,0,2
576,4,m,2,0,9
577,2,f,0,0,3
578,4,f,0,0,2
579,3,f,2,0,10
580,6,m,0,0,0
581,6,m,0,0,10
582,0,f,0,0,0
583,1,f,0,0,3
584,9,f,0,0,3
585,3,f,1,0,1
586,2,m,2,0,4
587,7,m,1,0,1
588,0,m,0,0,2
589,3,m,3,0,5
590,4,f,0,0,2
591,4,m,2,0,4
592,2,f,1,0,6
593,7,f,0,0,0
594,4,f,2,0,5
595,6,m,3,0,9
596,3,m,1,0,0
597,2,f,1,0,10
598,2,m,0,0,8
599,3,f,2,0,6
600,6,f,0,0,0
601,1,f,1,0,2
602,2,f,0,0,0
603,4,f,0,0,5
604,4,f,0,0,6
605,2,f,0,0,6
606,6,f,0,0,2
607,5,m,0,0,0
608,4,m,3,0,2
609,3,f,0,0,0
610,4,m,2,0,6
611,3,m,0,0,1
612,6,m,2,0,3
613,0,f,1,0,9
614,9,f,3,0,4
615,7,f,4,0,3
616,4,m,1,0,0
617,2,m,2,0,1
618,8,m,0,0,6
619,1,f,1,0,0
620,5,m,0,0,5
621,5,m,0,0,1
622,4,m,2,0,4
623,7,m,2,0,6
624,5,f,1,0,5
625,6,f,1,0,7
626,4,f,0,0,9
627,6,m,1,0,3
628,7,m,1,0,9
629,4,m,1,0,8
630,4,f,0,0,1
631,2,m,0,0,5
632,4,f,0,0,9
633,4,f,1,0,5
634,1,f,0,0,10
635,4,m,0,0,0
636,9,f,0,0,7
637,3,m,1,0,10
638,4,f,1,0,0
639,3,f,2,0,0
640,7,m,2,0,4
641,7,m,0,0,0
642,2,f,1,0,0
643,4,m,0,0,2
644,2,m,0,0,2
645,2,f,0,0,4
646,3,f,0,0,8
647,0,m,0,0,7
648,4,m,0,0,0
649,7,m,0,0,6
650,3,f,1,0,0
651,6,f,1,0,0
652,7,f,1,0,8
653,2,m,1,0,1
654,4,f,2,0,1
655,0,f,2,0,1
656,5,f,0,0,5
657,8,f,0,0,8
658,9,f,1,0,0
659,6,m,0,0,2
660,3,m,0,0,10
661,4,f,0,0,5
662,0,f,0,0,0
663,6,m,0,0,3
664,5,f,1,0,8
665,3,f,0,0,5
666,6,f,1,0,0
667,4,m,1,0,1
668,4,f,0,0,1
669,3,m,0,0,8
670,0,f,2,0,4
671,1,m,0,0,2
672,7,f,0,0,2
673,3,m,2,0,10
674,1,m,0,0,1
675,5,m,2,0,10
676,3,f,1,0,9
677,9,m,1,0,10
678,2,f,0,0,10
679,4,f,0,0,10
680,4,m,1,0,0
681,5,f,0,0,0
682,2,m,0,0,0
683,3,m,3,0,7
684,1,f,0,0,10
685,4,f,1,0,2
686,3,m,0,0,5
687,6,m,0,0,0
688,7,f,0,0,10
689,1,m,0,0,1
690,5,f,3,0,1
691,4,m,0,0,5
692,4,f,1,0,5
693,7,f,0,0,1
694,4,f,0,0,1
695,1,m,1,0,0
696,3,m,0,0,3
697,3,f,0,0,5
698,5,f,1,0,1
699,7,m,0,0,1
700,7,m,1,0,0
701,2,m,0,0,7
702,6,f,2,0,4
703,4,f,0,0,8
704,3,m,1,0,2
705,4,m,2,0,6
706,5,m,1,0,2
707,7,f,0,0,9
708,3,f,1,0,6
709,7,m,0,0,10
710,4,f,0,0,7
711,2,f,1,0,6
712,3,f,2,0,1
713,4,m,3,0,6
714,9,f,1,0,2
715,1,m,0,0,0
716,3,m,0,0,0
717,3,m,0,0,6
718,4,m,3,0,0
719,6,m,1,0,10
720,7,m,2,0,7
721,5,f,0,0,6
722,4,m,2,0,5
723,6,m,2,0,4
724,3,m,1,0,3
725,2,f,1,0,0
726,7,m,3,0,8
727,1,m,0,0,5
728,3,f,0,0,0
729,3,m,1,0,1
730,0,f,0,0,4
731,6,f,1,0,4
732,4,f,0,0,0
733,4,f,0,0,5
734,3,m,0,0,0
735,3,m,0,0,9
736,1,f,1,0,1
737,5,m,0,0,0
738,3,m,0,0,9
739,7,m,0,0,1
740,4,m,1,0,8
741,1,f,0,0,5
742,3,f,0,0,0
743,4,m,1,0,7
744,3,f,0,0,5
745,3,m,1,0,3
746,3,f,0,0,7
747,4,f,0,0,4
748,4,m,0,0,1
749,0,f,0,0,2
750,3,m,1,0,0
751,3,m,0,0,10
752,0,f,2,0,4
753,4,m,1,0,9
754,3,m,0,2,6
755,3,f,1,0,0
756,3,m,0,0,6
757,3,m,0,0,2
758,2,m,0,0,0
759,4,m,0,0,4
760,9,f,1,0,8
761,3,f,1,2,1
762,3,f,1,0,8
763,4,m,0,0,2
764,1,f,2,2,0
765,0,m,2,0,1
766,2,m,1,0,6
767,2,m,4,0,2
768,1,m,3,0,5
769,2,f,0,0,4
770,8,m,0,0,8
771,5,m,3,0,2
772,3,f,0,0,2
773,2,m,1,0,6
774,1,m,3,0,3
775,2,f,1,0,4
776,8,m,1,0,9
777,6,f,0,0,9
778,0,m,0,0,9
779,4,f,1,0,9
780,3,f,1,0,9
781,1,f,0,0,2
782,6,f,1,0,0
783,1,f,0,0,8
784,9,f,1,0,9
785,4,m,0,0,1
786,5,f,2,0,10
787,3,m,2,0,6
788,8,m,1,0,7
789,3,m,0,0,4
790,1,m,0,0,5
791,5,m,0,0,1
792,3,f,0,0,10
793,4,m,2,0,0
794,6,f,1,0,3
795,8,m,0,0,7
796,5,f,1,0,0
797,3,m,0,0,5
798,4,m,1,0,7
799,4,m,0,0,3
800,4,f,1,0,6
801,3,f,0,0,5
802,2,f,4,0,4
803,5,f,4,0,4
804,0,f,1,0,2
805,4,f,1,0,8
806,1,m,1,0,0
807,3,m,0,0,6
808,4,m,0,0,2
809,8,f,3,0,1
810,4,f,2,0,7
811,2,f,4,0,1
812,6,m,0,0,1
813,4,f,3,0,0
814,4,f,2,0,7
815,7,m,0,0,4
816,7,m,0,0,0
817,3,m,1,0,2
818,6,m,1,0,1
819,4,f,0,0,3
820,6,f,0,0,2
821,4,m,1,0,8
822,4,f,0,0,3
823,6,m,0,0,1
824,2,m,1,0,9
825,3,m,0,0,4
826,7,f,0,0,9
827,6,f,0,0,5
828,1,f,0,0,0
829,4,f,1,0,1
830,3,m,0,0,7
831,3,f,2,0,3
832,1,m,0,0,6
833,3,f,0,0,5
834,4,m,1,0,2
835,7,m,0,0,1
836,6,m,0,0,2
837,4,f,0,0,2
838,1,m,1,0,3
839,4,f,0,0,5
840,8,m,2,0,0
841,3,m,0,0,3
842,3,m,0,0,0
843,3,m,3,0,3
844,3,m,0,0,8
845,3,f,2,0,6
846,9,m,2,0,0
847,1,m,1,0,0
848,1,m,1,0,8
849,1,m,0,0,10
850,4,f,3,0,4
851,4,m,0,0,4
852,5,m,2,0,9
853,3,m,1,0,0
854,4,f,1,0,2
855,8,m,2,0,0
856,2,m,1,0,4
857,4,f,0,0,5
858,5,f,1,0,4
859,4,f,0,0,6
860,1,m,1,0,1
861,7,f,0,0,1
862,4,f,0,0,7
863,7,f,0,0,5
864,3,f,2,0,1
865,3,f,0,0,2
866,5,m,0,0,5
867,4,m,1,0,4
868,5,m,1,0,0
869,1,f,1,0,1
870,7,m,0,0,0
871,2,m,0,0,0
872,4,f,1,0,4
873,2,m,0,0,3
874,3,m,2,0,4
875,0,f,1,0,3
876,6,f,1,0,9
877,3,m,1,0,10
878,4,m,0,0,7
879,8,f,1,0,3
880,1,m,0,0,1
881,9,m,0,2,3
882,5,f,2,0,1
883,3,f,0,0,1
884,4,f,1,0,5
885,3,f,0,0,8
886,3,f,0,0,10
887,5,m,0,0,5
888,7,m,0,0,2
889,6,m,2,0,2
890,9,f,0,0,3
891,2,f,0,0,5
892,9,f,1,0,2
893,9,m,0,0,3
894,3,f,0,0,1
895,2,m,2,0,8
896,3,m,0,0,2
897,7,m,1,0,0
898,5,f,0,0,7
899,4,f,0,0,2
900,6,m,1,0,8
901,4,m,0,0,0
902,6,m,4,0,7
903,3,m,1,0,2
904,2,m,0,0,10
905,3,f,1,0,2
906,4,f,0,0,1
907,3,f,0,0,0
908,1,m,0,0,2
909,4,f,0,0,0
910,7,m,1,0,4
911,2,f,1,0,1
912,4,m,0,0,10
913,9,m,1,0,4
914,8,m,0,0,0
915,1,m,0,0,7
916,5,f,0,0,5
917,3,f,2,0,3
918,6,m,0,0,6
919,2,m,1,0,4
920,4,f,1,0,6
921,5,m,1,0,2
922,6,m,0,0,1
923,4,f,0,0,6
924,2,m,2,0,10
925,4,m,0,0,3
926,8,f,1,0,7
927,5,f,0,0,0
928,3,f,1,0,0
929,6,f,0,0,2
930,1,f,0,0,5
931,6,f,0,0,2
932,4,m,1,0,3
933,8,f,1,0,5
934,2,m,1,0,9
935,2,m,1,0,10
936,2,m,1,0,0
937,2,f,0,0,1
938,9,f,3,0,0
939,4,m,1,0,5
940,9,f,0,0,7
941,4,f,1,0,7
942,5,f,0,0,6
943,5,m,1,0,4
944,6,m,0,0,8
945,2,m,4,0,6
946,2,f,0,0,0
947,3,m,1,0,0
948,4,m,1,0,5
949,9,m,4,0,6
950,3,f,1,0,6
951,8,f,0,0,6
952,4,f,0,0,9
953,1,m,2,0,8
954,1,m,0,0,0
955,4,m,2,0,10
956,2,m,0,0,5
957,7,m,2,0,0
958,8,f,0,0,10
959,7,f,0,0,0
960,3,m,1,0,2
961,3,f,1,0,8
962,4,f,0,0,9
963,6,m,1,0,10
964,3,f,0,0,7
965,3,m,2,0,4
966,3,f,1,0,3
967,3,m,0,0,3
968,8,f,0,0,7
969,6,m,0,0,10
970,3,m,3,0,2
971,3,m,0,0,4
972,3,m,2,0,2
973,4,f,2,0,9
974,1,f,1,0,1
975,2,m,0,0,0
976,0,m,0,0,9
977,7,m,1,0,5
978,1,f,0,0,1
979,2,m,0,0,3
980,0,m,1,0,1
981,4,m,0,0,0
982,4,f,0,0,0
983,4,f,4,0,0
984,3,f,3,0,6
985,5,m,1,0,4
986,9,f,2,0,2
987,5,f,0,0,0
988,3,f,1,0,5
989,3,m,2,0,5
990,8,f,0,0,10
991,2,f,0,0,8
992,6,m,1,0,9
993,3,f,1,0,8
994,2,m,0,0,2
995,0,f,2,0,2
996,3,f,3,0,6
997,1,m,1,0,2
998,4,m,2,0,0
999,3,f,0,0,4
1000,5,m,2,0,4
1001,1,f,2,0,3
1002,5,m,1,0,9
1003,4,f,0,0,5
1004,0,m,1,0,9
1005,2,m,0,0,9
1006,7,m,3,0,3
1007,4,f,0,0,0
1008,1,m,1,0,1
1009,7,m,0,0,8
1010,3,f,1,0,9
1011,3,m,0,0,9
1012,0,f,1,0,0
1013,0,f,0,0,0
1014,4,m,0,0,7
1015,3,f,2,0,3
1016,6,m,0,0,0
1017,5,m,1,0,8
1018,3,f,2,0,1
1019,7,m,2,0,0
1020,7,f,1,0,7
1021,1,m,0,0,3
1022,3,f,3,0,10
1023,3,m,2,0,7
1024,6,m,1,0,2
1025,2,m,0,0,1
1026,5,f,0,0,6
1027,3,m,0,0,6
1028,3,m,1,0,0
1029,3,f,0,0,2
1030,8,m,0,0,10
1031,4,f,1,0,5
1032,8,f,1,0,2
1033,4,m,2,0,9
1034,3,f,0,0,5
1035,7,f,0,0,6
1036,4,f,0,0,0
1037,4,m,0,0,0
1038,3,f,0,0,5
1039,4,f,1,0,1
1040,4,f,0,0,3
1041,4,m,0,0,2
1042,3,m,4,0,7
1043,6,m,2,0,2
1044,4,f,2,0,0
1045,2,f,0,0,8
1046,3,m,2,0,6
1047,3,f,1,0,2
1048,3,m,0,0,2
1049,5,m,3,0,10
1050,4,m,2,0,0
1051,6,m,0,0,3
1052,6,f,0,0,9
1053,3,f,1,0,0
1054,3,f,0,0,7
1055,3,f,0,0,0
1056,3,m,0,0,9
1057,3,f,0,0,1
1058,1,m,2,0,2
1059,4,m,0,0,4
1060,4,m,1,0,4
1061,3,f,2,0,7
1062,7,f,2,0,9
1063,3,m,0,0,6
1064,1,m,0,0,1
1065,4,f,1,0,4
1066,8,m,1,0,3
1067,4,m,1,0,1
1068,4,f,0,0,0
1069,5,f,0,0,8
1070,5,f,2,0,1
1071,4,m,2,0,0
1072,6,f,1,0,1
1073,3,m,0,0,1
1074,1,m,0,0,4
1075,1,f,0,0,1
1076,3,m,4,0,9
1077,3,m,3,0,0
1078,1,f,1,0,9
1079,5,m,0,0,4
1080,3,f,0,0,0
1081,9,m,0,0,10
1082,3,m,1,0,8
1083,3,m,0,0,9
1084,3,f,1,0,0
1085,6,m,0,0,4
1086,4,m,2,0,0
1087,7,f,1,0,0
1088,3,f,2,0,0
1089,4,f,0,0,7
1090,4,f,0,2,5
1091,4,m,3,0,7
1092,4,f,0,0,10
1093,3,f,0,0,1
1094,4,m,0,0,6
1095,3,m,0,0,1
1096,3,m,0,0,2
1097,7,m,0,0,10
1098,2,m,1,0,0
1099,8,m,0,0,3
1100,3,f,2,0,0
1101,6,m,0,0,8
1102,2,f,0,0,5
1103,4,f,1,0,5
1104,3,f,0,0,4
1105,5,m,2,0,5
1106,1,m,0,0,3
1107,3,f,1,0,7
1108,0,f,1,0,0
1109,9,f,0,0,6
1110,1,m,1,0,2
1111,5,f,0,0,2
1112,3,m,0,0,9
1113,4,m,0,0,1
1114,3,m,0,0,9
1115,4,m,0,0,8
1116,0,f,0,0,9
1117,7,m,1,0,2
1118,1,f,0,0,5
1119,8,m,0,0,9
1120,4,f,2,0,8
1121,6,m,0,0,4
1122,6,f,0,0,1
1123,3,f,0,0,5
1124,9,f,0,0,0
1125,4,f,2,0,7
1126,4,f,0,0,0
1127,7,m,1,0,0
1128,6,m,1,0,1
1129,3,m,2,0,4
1130,8,f,1,0,7
1131,7,f,1,0,8
1132,3,f,1,0,0
1133,4,f,1,0,6
1134,6,f,0,0,0
1135,4,f,1,0,2
1136,1,m,0,0,0
1137,7,f,1,0,0
1138,3,m,0,0,0
1139,3,m,1,0,5
1140,6,f,1,0,10
1141,5,f,4,0,2
1142,6,f,2,0,8
1143,0,f,1,0,2
1144,3,m,2,0,7
1145,4,m,1,0,7
1146,3,m,1,0,2
1147,8,f,2,0,5
1148,3,f,1,0,9
1149,1,m,0,0,0
1150,2,m,1,0,0
1151,4,m,0,0,0
1152,3,f,0,0,9
1153,1,m,3,0,2
1154,4,f,0,0,1
1155,1,f,0,0,10
1156,4,f,2,0,0
1157,2,m,1,0,10
1158,3,f,1,0,7
1159,6,m,0,0,2
1160,7,m,1,0,4
1161,2,m,2,0,6
1162,2,f,1,0,0
1163,5,f,0,0,1
1164,7,m,2,0,1
1165,3,m,0,0,2
1166,4,m,1,0,3
1167,5,m,3,0,6
1168,4,m,3,0,1
1169,3,f,1,0,1
1170,5,f,0,0,0
1171,6,f,0,0,8
1172,4,m,0,0,1
1173,6,m,2,0,9
1174,6,f,1,0,10
1175,9,m,1,0,0
1176,3,f,1,0,3
1177,2,f,0,0,2
1178,3,f,1,0,7
1179,1,m,2,0,7
1180,6,m,1,0,10
1181,3,m,0,0,0
1182,4,f,2,0,10
1183,4,f,2,0,9
1184,4,m,3,0,2
1185,4,f,2,0,0
1186,0,m,2,0,3
1187,4,m,2,0,8
1188,6,f,2,0,0
1189,0,m,2,2,0
1190,3,m,0,0,10
1191,3,f,1,0,9
1192,5,f,0,0,6
1193,4,f,0,0,5
1194,3,m,1,0,0
1195,3,m,0,0,2
1196,3,f,3,0,5
1197,8,m,0,0,0
1198,5,f,2,0,4
1199,3,m,1,0,6
1200,4,m,0,0,5
1201,3,f,0,0,1
1202,1,m,2,0,0
1203,7,f,2,0,0
1204,6,m,0,0,3
1205,6,f,0,0,5
1206,6,m,0,0,3
1207,3,f,1,0,4
1208,6,m,1,0,4
1209,6,f,0,0,10
1210,3,f,2,0,3
1211,6,f,0,0,6
1212,8,f,0,0,8
1213,3,f,0,0,5
1214,3,m,1,0,10
1215,2,m,2,0,1
1216,3,f,2,0,7
1217,6,m,0,0,3
1218,6,m,1,0,0
1219,3,m,1,0,1
1220,4,m,0,0,10
1221,1,f,0,0,3
1222,3,f,1,0,3
1223,3,f,1,0,1
1224,3,m,0,0,1
1225,6,m,0,0,2
1226,1,f,0,0,6
1227,3,m,0,0,1
1228,4,f,0,0,8
1229,3,m,1,0,8
1230,9,f,1,0,0
1231,6,f,1,0,6
1232,6,f,0,0,2
1233,3,m,0,0,7
1234,3,f,0,0,3
1235,7,f,0,0,6
1236,4,m,1,0,0
1237,6,m,1,0,2
1238,4,f,1,0,6
1239,8,m,0,0,5
1240,3,f,0,0,0
1241,3,m,3,0,8
1242,3,f,2,0,1
1243,4,m,2,0,7
1244,4,m,1,0,6
1245,1,m,0,0,8
1246,3,f,3,0,4
1247,4,f,0,0,10
1248,5,m,1,0,4
1249,3,m,0,0,10
1250,5,m,1,0,0
1251,3,m,3,0,10
1252,3,m,1,0,2
1253,0,f,2,0,0
1254,3,f,2,0,9
1255,6,f,1,0,8
1256,4,m,0,0,2
1257,2,m,1,0,6
1258,3,f,0,0,10
1259,4,f,0,0,3
1260,3,m,2,0,2
1261,0,m,1,0,7
1262,1,m,0,0,1
1263,0,f,0,0,1
1264,0,m,1,0,4
1265,4,f,1,0,8
1266,4,m,0,0,10
1267,7,f,0,0,8
1268,7,m,0,0,4
1269,2,f,1,0,4
1270,3,m,0,0,5
1271,7,f,2,0,4
1272,5,f,3,0,0
1273,1,f,0,0,0
1274,4,m,1,0,5
1275,4,m,0,0,4
1276,7,f,1,0,4
1277,2,f,1,0,6
1278,5,f,0,0,0
1279,3,m,2,0,10
1280,9,f,0,0,8
1281,4,m,0,0,1
1282,3,m,1,0,0
1283,5,f,1,0,5
1284,3,f,3,0,7
1285,6,m,0,0,1
1286,7,f,2,0,7
1287,6,f,1,0,1
1288,3,m,3,0,0
1289,3,m,3,0,10
1290,3,m,0,0,7
1291,7,m,1,0,3
1292,4,f,0,0,4
1293,2,f,1,0,1
1294,2,m,1,0,6
1295,1,f,0,0,3
1296,4,m,1,0,3
1297,9,m,1,0,5
1298,4,f,3,0,10
1299,2,f,2,0,9
1300,3,m,1,0,3
1301,2,f,0,0,0
1302,7,f,0,0,1
1303,3,f,2,0,6
1304,8,m,1,0,1
1305,4,f,0,0,1
1306,4,f,0,0,7
1307,3,m,0,0,3
1308,0,m,0,0,6
1309,8,m,2,0,4
1310,4,f,2,0,0
1311,7,m,2,0,2
1312,3,m,0,0,7
1313,2,f,0,0,8
1314,7,m,2,0,7
1315,0,f,1,0,0
1316,6,f,0,0,4
1317,5,m,1,0,10
1318,8,m,1,0,3
1319,6,f,0,0,5
1320,5,m,1,0,0
1321,3,f,0,0,10
1322,4,m,2,0,6
1323,7,f,1,0,0
1324,1,f,2,0,0
1325,6,f,2,0,3
1326,2,f,0,0,6
1327,4,f,0,0,6
1328,4,m,1,0,3
1329,3,f,1,0,3
1330,6,m,0,0,8
1331,1,f,0,0,3
1332,7,m,0,0,2
1333,8,m,2,0,0
1334,1,f,0,0,7
1335,7,f,1,0,1
1336,6,f,0,0,9
1337,6,m,0,0,2
1338,4,f,1,0,6
1339,5,f,2,0,8
1340,6,m,1,0,3
1341,3,f,1,0,9
1342,5,m,0,0,6
1343,4,f,0,0,0
1344,3,m,0,0,6
1345,4,m,0,0,0
1346,2,m,1,0,6
1347,3,f,1,0,6
1348,5,f,2,0,2
1349,8,f,3,0,9
1350,2,m,1,0,3
1351,1,f,0,0,6
1352,1,f,1,0,10
1353,3,m,1,0,4
1354,6,f,0,0,1
1355,2,m,0,0,1
1356,2,m,0,0,2
1357,4,m,0,0,6
1358,1,f,0,0,8
1359,6,f,2,0,3
1360,9,m,0,0,5
1361,3,f,0,0,10
1362,4,f,1,0,10
1363,4,f,0,0,2
1364,3,f,0,0,1
1365,1,f,2,0,7
1366,4,f,0,0,7
1367,4,f,2,0,1
1368,5,f,4,0,10
1369,5,f,0,0,2
1370,3,m,1,0,8
1371,4,m,0,0,1
1372,5,f,1,0,2
1373,0,f,0,0,1
1374,4,f,0,0,10
1375,5,f,0,0,3
1376,4,f,0,0,1
1377,0,m,0,0,6
1378,1,m,2,0,8
1379,3,m,1,0,3
1380,6,m,3,0,0
1381,4,m,0,0,4
1382,3,m,2,0,1
1383,4,f,2,0,2
1384,4,f,1,0,9
1385,6,f,0,0,7
1386,2,m,0,0,5
1387,3,f,1,0,5
1388,1,m,1,0,5
1389,4,m,0,0,0
1390,3,m,0,0,2
1391,6,f,3,0,6
1392,3,m,1,0,9
1393,1,f,0,0,10
1394,4,f,1,0,8
1395,3,m,1,0,1
1396,5,f,0,0,0
1397,4,f,1,0,3
1398,4,f,1,0,2
1399,0,f,0,0,7
1400,0,m,0,0,0
1401,4,f,1,0,8
1402,0,m,0,0,0
1403,4,f,0,0,3
1404,3,m,0,0,8
1405,6,m,1,0,6
1406,4,m,1,0,1
1407,4,m,1,0,9
1408,7,f,1,0,3
1409,7,m,1,0,2
1410,3,f,0,0,8
1411,3,f,0,0,3
1412,6,m,2,0,0
1413,3,m,0,0,8
1414,3,m,1,0,0
1415,4,f,0,0,4
1416,4,f,1,0,4
1417,5,f,1,0,3
1418,5,f,1,0,0
1419,8,m,1,0,2
1420,3,f,0,0,3
1421,3,m,1,0,2
1422,4,f,1,0,10
1423,4,m,0,0,2
1424,3,f,0,0,0
1425,6,m,0,0,6
1426,6,m,1,0,0
1427,2,f,1,0,1
1428,4,f,0,0,1
1429,6,m,0,0,4
1430,2,f,0,0,2
1431,7,f,1,0,9
1432,3,m,2,0,3
1433,2,f,1,0,1
1434,4,m,1,0,5
1435,3,f,0,0,0
1436,4,f,1,0,5
1437,0,f,0,0,1
1438,4,f,0,0,0
1439,3,m,0,0,5
1440,6,m,0,0,0
1441,2,m,1,0,6
1442,0,m,0,0,6
1443,7,f,2,0,0
1444,4,f,2,0,6
1445,6,m,0,0,2
1446,6,f,0,0,8
1447,2,m,0,0,2
1448,3,m,0,0,1
1449,3,m,1,0,0
1450,1,m,0,0,3
1451,4,m,2,0,5
1452,7,m,2,0,4
1453,4,m,0,0,4
1454,3,m,1,0,0
1455,0,f,1,0,5
1456,9,m,0,0,3
1457,1,m,1,0,4
1458,1,m,1,0,5
1459,3,f,1,0,7
1460,3,m,0,0,8
1461,1,f,0,0,3
1462,4,f,0,0,5
1463,3,m,2,0,3
1464,2,f,0,0,8
1465,1,m,1,0,9
1466,6,f,1,0,0
1467,9,f,0,0,3
1468,4,f,0,0,10
1469,4,f,0,0,3
1470,3,f,2,0,0
1471,3,m,2,0,8
1472,7,m,0,0,0
1473,7,f,1,0,1
1474,8,m,0,0,9
1475,6,m,2,0,0
1476,1,f,2,0,1
1477,8,f,2,0,9
1478,1,m,1,0,9
1479,3,m,0,0,1
1480,8,m,1,0,0
1481,4,m,0,0,4
1482,1,m,1,0,9
1483,6,m,0,0,5
1484,3,m,1,0,4
1485,0,f,0,0,0
1486,6,m,1,0,9
1487,4,m,0,0,2
1488,2,f,2,0,7
1489,4,f,2,0,0
1490,3,m,1,0,2
1491,6,f,0,0,0
1492,6,m,2,0,4
1493,3,f,1,0,0
1494,2,m,0,0,2
1495,2,f,0,0,9
1496,3,f,1,0,9
1497,3,m,0,0,1
1498,4,f,3,0,4
1499,3,f,1,0,7
1500,3,f,0,0,9
1501,3,m,0,0,8
1502,3,f,1,0,0
1503,5,f,0,0,4
1504,6,m,0,0,7
1505,3,f,1,0,5
1506,3,f,2,0,2
1507,5,m,2,0,4
1508,6,f,3,0,10
1509,1,f,0,0,0
1510,3,f,0,0,5
1511,2,m,1,0,4
1512,3,f,2,0,3
1513,3,m,1,0,7
1514,4,m,0,0,6
1515,4,m,1,0,8
1516,7,f,1,0,4
1517,3,m,1,0,3
1518,4,f,0,0,10
1519,4,f,0,0,0
1520,0,f,2,0,9
1521,7,f,0,0,1
1522,4,m,0,0,5
1523,3,f,0,0,3
1524,4,m,0,0,6
1525,1,m,0,0,7
1526,3,m,2,0,0
1527,4,f,0,0,1
1528,4,m,1,0,6
1529,6,f,2,0,1
1530,4,f,1,0,7
1531,1,m,1,0,2
1532,5,f,2,0,0
1533,4,m,0,0,8
1534,3,f,1,0,4
1535,6,f,0,0,7
1536,3,f,1,0,0
1537,6,f,0,0,0
1538,1,m,0,0,1
1539,1,m,2,0,0
1540,2,f,1,0,4
1541,1,m,2,0,1
1542,5,m,0,0,10
1543,1,m,2,0,10
1544,3,m,0,0,6
1545,3,m,1,0,5
1546,2,f,1,0,10
1547,5,m,0,0,4
1548,5,m,0,0,9
1549,6,f,1,0,9
1550,3,m,1,0,1
1551,4,m,0,0,7
1552,1,m,2,0,0
1553,6,m,2,0,8
1554,1,f,1,0,2
1555,5,m,0,0,6
1556,0,m,3,0,8
1557,3,f,0,0,7
1558,9,m,0,0,4
1559,4,m,1,0,0
1560,4,m,1,0,3
1561,7,m,0,0,1
1562,7,m,1,0,5
1563,4,f,2,0,7
1564,3,f,1,0,10
1565,3,m,0,0,9
1566,7,f,1,0,4
1567,3,f,1,2,7
1568,3,f,0,0,0
1569,4,m,1,0,0
1570,4,f,0,0,9
1571,3,m,0,0,6
1572,3,f,0,0,3
1573,3,f,0,0,10
1574,4,m,0,0,4
1575,7,f,1,0,0
1576,4,m,0,0,10
1577,2,f,1,0,6
1578,0,m,0,0,10
1579,4,m,1,0,9
1580,5,m,1,0,9
1581,6,f,2,0,1
1582,2,m,0,0,1
1583,2,f,4,0,4
1584,4,m,1,0,4
1585,1,m,0,0,2
1586,4,m,0,0,1
1587,1,m,3,0,1
1588,4,m,1,0,0
1589,0,m,0,0,2
1590,6,m,0,0,0
1591,3,f,1,0,7
1592,4,m,0,2,8
1593,2,f,3,0,8
1594,4,f,0,0,4
1595,6,f,0,0,2
1596,4,f,0,0,1
1597,2,f,1,0,3
1598,0,m,0,0,9
1599,2,f,1,0,0
1600,2,f,0,0,3
1601,5,f,0,0,6
1602,3,f,0,0,6
1603,3,f,0,0,7
1604,1,m,0,0,1
1605,1,m,1,0,4
1606,8,m,2,0,2
1607,6,f,1,0,9
1608,6,m,0,0,6
1609,3,f,3,0,4
1610,2,f,3,0,2
1611,2,m,1,0,3
1612,3,m,0,0,0
1613,5,f,1,0,7
1614,1,m,3,0,10
1615,1,f,0,0,8
1616,3,f,1,0,8
1617,7,f,2,0,7
1618,7,f,1,0,7
1619,2,f,0,0,4
1620,4,m,1,0,5
1621,6,f,1,0,8
1622,6,f,0,0,0
1623,3,f,1,0,0
1624,6,f,1,0,5
1625,3,f,1,0,4
1626,5,f,2,0,2
1627,7,m,2,0,6
1628,3,m,0,0,4
1629,5,m,2,0,7
1630,1,m,1,0,9
1631,1,m,0,0,1
1632,5,f,2,0,10
1633,3,m,1,0,0
1634,4,m,1,0,3
1635,3,f,1,0,4
1636,6,f,1,0,6
1637,6,m,2,0,1
1638,3,m,0,0,1
1639,5,f,0,0,5
1640,7,f,0,0,0
1641,4,f,4,0,0
1642,3,f,1,0,2
1643,4,m,1,0,0
1644,5,f,2,0,10
1645,8,m,1,0,8
1646,3,m,0,0,7
1647,3,f,1,0,2
1648,4,m,0,0,3
1649,2,m,1,0,0
1650,8,f,1,0,4
1651,6,f,1,0,9
1652,6,f,1,0,6
1653,4,f,0,0,1
1654,3,m,1,0,6
1655,5,m,2,0,0
1656,6,f,0,0,5
1657,3,f,0,0,3
1658,5,f,1,0,8
1659,4,m,1,0,9
1660,4,m,2,0,1
1661,4,m,1,0,3
1662,4,f,0,0,7
1663,8,f,0,0,1
1664,7,f,1,0,3
1665,7,m,1,0,0
1666,5,f,1,0,3
1667,4,f,2,0,3
1668,6,m,0,0,1
1669,2,m,0,0,10
1670,4,m,0,0,6
1671,3,f,1,0,9
1672,3,f,1,0,8
1673,6,f,0,0,7
1674,5,f,1,0,10
1675,7,f,0,0,4
1676,2,f,0,0,1
1677,7,f,1,0,5
1678,4,m,1,0,10
1679,0,m,0,0,4
1680,4,m,0,0,4
1681,7,m,1,0,5
1682,6,m,1,0,9
1683,4,f,2,0,10
1684,2,f,1,0,4
1685,0,f,1,0,2
1686,2,m,1,0,2
1687,4,f,0,0,0
1688,1,f,0,0,7
1689,4,m,1,0,7
1690,4,m,3,0,7
1691,5,f,1,0,9
1692,9,m,1,0,0
1693,0,m,0,0,8
1694,9,m,0,0,1
1695,1,m,0,0,0
1696,0,f,0,0,0
1697,3,f,1,0,8
1698,7,m,0,0,1
1699,3,f,0,0,8
1700,9,f,1,0,3
1701,3,f,1,0,0
1702,7,m,4,0,5
1703,1,f,0,0,0
1704,4,m,1,0,9
1705,1,m,0,0,6
1706,5,f,1,0,5
1707,5,m,2,0,10
1708,3,m,0,0,4
1709,3,m,0,0,1
1710,3,f,0,0,0
1711,9,m,0,0,2
1712,8,f,0,0,7
1713,6,m,1,0,8
1714,3,m,1,0,8
1715,6,m,2,0,0
1716,4,m,2,0,1
1717,9,f,0,0,3
1718,4,m,2,0,6
1719,5,m,0,0,9
1720,6,f,2,0,7
1721,6,f,0,0,0
1722,3,f,1,0,0
1723,1,m,0,2,0
1724,8,m,0,0,9
1725,7,f,0,0,3
1726,4,m,0,0,3
1727,3,m,0,0,0
1728,4,f,1,0,0
1729,4,f,2,0,1
1730,7,m,1,0,1
1731,3,m,0,0,7
1732,3,m,1,0,0
1733,4,f,0,0,3
1734,3,f,0,0,4
1735,4,f,2,0,0
1736,0,f,3,0,0
1737,4,f,0,0,8
1738,3,f,0,0,2
1739,4,m,0,0,6
1740,2,f,1,0,6
1741,0,m,1,0,1
1742,7,f,2,0,7
1743,7,f,1,0,6
1744,6,f,1,0,10
1745,2,f,0,0,0
1746,4,f,0,0,9
1747,1,m,2,0,6
1748,5,f,0,0,5
1749,1,f,0,0,4
1750,3,f,0,0,8
1751,4,f,2,0,0
1752,3,f,0,0,7
1753,4,f,0,0,6
1754,3,m,0,0,10
1755,7,f,1,0,6
1756,3,m,2,0,5
1757,5,f,1,0,0
1758,9,m,1,0,1
1759,5,f,1,0,0
1760,1,f,0,0,3
1761,7,m,0,0,9
1762,4,m,1,0,6
1763,4,f,1,0,9
1764,8,m,0,0,0
1765,3,m,1,0,10
1766,7,f,1,0,1
1767,6,f,1,0,1
1768,3,f,0,0,1
1769,1,m,1,0,0
1770,1,m,1,0,0
1771,9,m,1,0,9
1772,1,f,0,0,0
1773,5,m,0,0,0
1774,4,f,0,0,3
1775,5,m,1,0,0
1776,4,f,2,0,3
1777,6,m,0,0,4
1778,6,f,0,0,5
1779,0,f,0,0,7
1780,1,m,1,0,0
1781,4,f,1,0,0
1782,0,f,0,0,4
1783,3,f,0,0,7
1784,3,m,0,2,9
1785,6,f,0,0,2
1786,2,m,3,0,3
1787,3,m,1,0,3
1788,5,f,0,0,2
1789,2,m,2,0,8
1790,4,f,0,0,10
1791,6,f,2,0,1
1792,5,m,2,0,7
1793,3,m,3,0,6
1794,1,m,0,0,9
1795,5,m,1,0,1
1796,8,f,0,0,9
1797,2,f,3,0,1
1798,8,f,2,0,3
1799,1,f,0,0,2
1800,6,f,0,0,0
1801,3,m,4,0,5
1802,6,m,0,0,3
1803,5,m,0,0,3
1804,7,f,3,0,0
1805,6,f,1,0,9
1806,3,f,0,0,9
1807,4,m,0,0,2
1808,3,f,2,0,6
1809,4,m,2,0,3
1810,4,f,1,0,4
1811,8,f,0,0,7
1812,3,f,0,0,1
1813,3,f,1,0,6
1814,2,f,1,0,0
1815,4,m,0,0,1
1816,4,f,0,0,8
1817,0,m,2,2,4
1818,4,m,0,0,3
1819,5,f,0,0,3
1820,3,f,0,0,9
1821,1,m,0,0,2
1822,3,f,0,0,2
1823,3,m,1,0,9
1824,3,m,0,0,0
1825,4,m,1,0,3
1826,5,f,2,0,3
1827,2,m,1,0,6
1828,5,f,0,0,5
1829,3,m,0,0,1
1830,3,f,0,0,1
1831,3,m,1,0,8
1832,3,m,2,0,0
1833,4,f,0,0,2
1834,5,m,1,0,5
1835,2,f,0,0,7
1836,8,m,1,0,5
1837,6,f,2,0,0
1838,4,f,2,0,7
1839,0,f,1,0,0
1840,2,m,0,0,8
1841,4,m,0,0,4
1842,1,f,0,0,0
1843,3,f,0,0,9
1844,1,m,3,0,7
1845,1,f,1,0,9
1846,3,m,0,0,5
1847,4,f,1,0,7
1848,1,m,2,0,1
1849,3,f,0,0,5
1850,2,f,0,0,3
1851,8,m,0,0,6
1852,1,f,0,0,0
1853,2,f,0,0,6
1854,4,m,2,0,9
1855,3,m,1,0,8
1856,4,f,0,0,3
1857,0,f,0,0,6
1858,4,m,1,0,0
1859,3,f,0,0,8
1860,2,f,3,0,3
1861,2,f,1,0,5
1862,7,f,0,0,7
1863,6,m,0,0,8
1864,4,f,0,0,0
1865,1,m,2,2,8
1866,4,f,2,0,0
1867,1,f,0,0,0
1868,7,f,4,0,3
1869,6,m,1,0,1
1870,5,m,0,0,0
1871,3,f,1,0,3
1872,6,f,1,0,5
1873,7,f,0,0,1
1874,8,f,2,0,10
1875,4,f,0,0,2
1876,6,m,1,0,5
1877,4,f,0,0,2
1878,1,m,1,0,2
1879,3,f,0,0,1
1880,1,f,0,0,1
1881,5,f,0,0,1
1882,0,f,0,0,1
1883,3,m,2,0,7
1884,4,m,1,0,5
1885,4,f,0,0,4
1886,4,f,0,0,3
1887,0,f,0,0,0
1888,3,f,1,0,0
1889,4,f,0,0,4
1890,5,m,1,0,7
1891,4,m,0,0,8
1892,4,f,0,0,4
